{"cameraMode":{"drawMode":0,"name":"Shaded","section":"Shading Mode"},"sceneLighting":false,"audioPlay":false,"sceneViewState":{"m_AlwaysRefresh":false,"showFog":true,"showSkybox":false,"showFlares":true,"showImageEffects":true,"showParticleSystems":true,"showVisualEffectGraphs":true,"m_FxEnabled":true},"in2DMode":false,"pivot":{"x":-0.1270534098148346,"y":-0.011692439205944538,"z":-0.30205217003822329},"rotation":{"x":-0.06969485431909561,"y":-0.8651386499404907,"z":0.1252979338169098,"w":-0.481538861989975},"size":3.8509774208068849,"orthographic":false}