{"cameraMode":{"drawMode":0,"name":"Shaded","section":"Shading Mode"},"sceneLighting":true,"audioPlay":false,"sceneViewState":{"m_AlwaysRefresh":false,"showFog":true,"showSkybox":true,"showFlares":true,"showImageEffects":true,"showParticleSystems":true,"showVisualEffectGraphs":true,"m_FxEnabled":true},"in2DMode":false,"pivot":{"x":-3.6967315673828127,"y":2.1962215900421144,"z":-2.243156909942627},"rotation":{"x":0.3141343295574188,"y":-0.038323551416397098,"z":0.01285765040665865,"w":0.9485818147659302},"size":39.884788513183597,"orthographic":false}