{"cameraMode":{"drawMode":0,"name":"Shaded","section":"Shading Mode"},"sceneLighting":false,"audioPlay":false,"sceneViewState":{"m_AlwaysRefresh":false,"showFog":true,"showSkybox":false,"showFlares":true,"showImageEffects":true,"showParticleSystems":true,"showVisualEffectGraphs":true,"m_FxEnabled":true},"in2DMode":false,"pivot":{"x":-0.11414928734302521,"y":-0.07461653649806977,"z":0.11995957791805268},"rotation":{"x":-0.15126073360443116,"y":0.8188289403915405,"z":-0.2509199380874634,"w":-0.4938763678073883},"size":0.7847878932952881,"orthographic":false}