{"cameraMode":{"drawMode":0,"name":"Shaded","section":"Shading Mode"},"sceneLighting":false,"audioPlay":false,"sceneViewState":{"m_AlwaysRefresh":false,"showFog":true,"showSkybox":false,"showFlares":true,"showImageEffects":true,"showParticleSystems":true,"showVisualEffectGraphs":true,"m_FxEnabled":true},"in2DMode":false,"pivot":{"x":0.000014781951904296875,"y":1.1880675554275513,"z":-0.0000016689300537109376},"rotation":{"x":0.16379179060459138,"y":0.35123535990715029,"z":-0.06314155459403992,"w":0.9199978113174439},"size":2.1836113929748537,"orthographic":false}