{"cameraMode":{"drawMode":0,"name":"Shaded","section":"Shading Mode"},"sceneLighting":false,"audioPlay":false,"sceneViewState":{"m_AlwaysRefresh":false,"showFog":true,"showSkybox":false,"showFlares":true,"showImageEffects":true,"showParticleSystems":true,"showVisualEffectGraphs":true,"m_FxEnabled":true},"in2DMode":false,"pivot":{"x":-0.02535371296107769,"y":-0.5636352300643921,"z":0.02748172916471958},"rotation":{"x":0.04974757507443428,"y":-0.625994086265564,"z":0.04003795608878136,"w":0.777273416519165},"size":0.19909048080444337,"orthographic":false}