{"cameraMode":{"drawMode":0,"name":"Shaded","section":"Shading Mode"},"sceneLighting":true,"audioPlay":false,"sceneViewState":{"m_AlwaysRefresh":false,"showFog":true,"showSkybox":true,"showFlares":true,"showImageEffects":true,"showParticleSystems":true,"showVisualEffectGraphs":true,"m_FxEnabled":true},"in2DMode":false,"pivot":{"x":55.65410614013672,"y":108.41555786132813,"z":49.49333572387695},"rotation":{"x":0.05425867438316345,"y":-0.02274760790169239,"z":0.0011795739410445095,"w":0.9980491399765015},"size":8.719964027404786,"orthographic":false}