{"cameraMode":{"drawMode":0,"name":"Shaded","section":"Shading Mode"},"sceneLighting":true,"audioPlay":false,"sceneViewState":{"m_AlwaysRefresh":false,"showFog":true,"showSkybox":true,"showFlares":true,"showImageEffects":true,"showParticleSystems":true,"showVisualEffectGraphs":true,"m_FxEnabled":true},"in2DMode":false,"pivot":{"x":56.64236831665039,"y":110.8745346069336,"z":59.52942657470703},"rotation":{"x":0.019710123538970948,"y":-0.10801006853580475,"z":0.0019444104982540012,"w":0.9937302470207214},"size":11.010507583618164,"orthographic":false}