{"cameraMode":{"drawMode":0,"name":"Shaded","section":"Shading Mode"},"sceneLighting":true,"audioPlay":false,"sceneViewState":{"m_AlwaysRefresh":false,"showFog":true,"showSkybox":true,"showFlares":true,"showImageEffects":true,"showParticleSystems":true,"showVisualEffectGraphs":true,"m_FxEnabled":true},"in2DMode":false,"pivot":{"x":59.00926208496094,"y":106.60196685791016,"z":62.633277893066409},"rotation":{"x":0.021738827228546144,"y":-0.31704336404800417,"z":0.0068980176001787189,"w":0.9479053616523743},"size":9.856278419494629,"orthographic":false}