{"cameraMode":{"drawMode":0,"name":"Shaded","section":"Shading Mode"},"sceneLighting":true,"audioPlay":false,"sceneViewState":{"m_AlwaysRefresh":false,"showFog":true,"showSkybox":true,"showFlares":true,"showImageEffects":true,"showParticleSystems":true,"showVisualEffectGraphs":true,"m_FxEnabled":true},"in2DMode":false,"pivot":{"x":48.86545181274414,"y":-21.894289016723634,"z":411.0987243652344},"rotation":{"x":0.32483211159706118,"y":-0.059133000671863559,"z":0.05070578679442406,"w":0.9504979252815247},"size":98.31281280517578,"orthographic":false}