{"cameraMode":{"drawMode":0,"name":"Shaded","section":"Shading Mode"},"sceneLighting":true,"audioPlay":false,"sceneViewState":{"m_AlwaysRefresh":false,"showFog":true,"showSkybox":true,"showFlares":true,"showImageEffects":true,"showParticleSystems":true,"showVisualEffectGraphs":true,"m_FxEnabled":true},"in2DMode":false,"pivot":{"x":61.49504470825195,"y":110.19667053222656,"z":47.63991165161133},"rotation":{"x":0.10585229098796845,"y":0.07225026190280914,"z":-0.007048085331916809,"w":0.9914653301239014},"size":10.447002410888672,"orthographic":false}