{"cameraMode":{"drawMode":0,"name":"Shaded","section":"Shading Mode"},"sceneLighting":false,"audioPlay":false,"sceneViewState":{"m_AlwaysRefresh":false,"showFog":true,"showSkybox":false,"showFlares":true,"showImageEffects":true,"showParticleSystems":true,"showVisualEffectGraphs":true,"m_FxEnabled":true},"in2DMode":false,"pivot":{"x":0.1828119307756424,"y":0.057466622442007068,"z":-0.02173668146133423},"rotation":{"x":-0.21740689873695374,"y":-0.19701078534126283,"z":0.04480402171611786,"w":-0.9550718665122986},"size":0.3069223463535309,"orthographic":false}