{"cameraMode":{"drawMode":0,"name":"Shaded","section":"Shading Mode"},"sceneLighting":false,"audioPlay":false,"sceneViewState":{"m_AlwaysRefresh":false,"showFog":true,"showSkybox":false,"showFlares":true,"showImageEffects":true,"showParticleSystems":true,"showVisualEffectGraphs":true,"m_FxEnabled":true},"in2DMode":false,"pivot":{"x":-0.017902135848999025,"y":0.03644442558288574,"z":-0.2925429344177246},"rotation":{"x":-0.1051238551735878,"y":0.16537541151046754,"z":-0.01780148223042488,"w":-0.9805601239204407},"size":4.425652027130127,"orthographic":false}