{"cameraMode":{"drawMode":0,"name":"Shaded","section":"Shading Mode"},"sceneLighting":false,"audioPlay":false,"sceneViewState":{"m_AlwaysRefresh":false,"showFog":true,"showSkybox":false,"showFlares":true,"showImageEffects":true,"showParticleSystems":true,"showVisualEffectGraphs":true,"m_FxEnabled":true},"in2DMode":false,"pivot":{"x":1.1920928955078126e-7,"y":-1.1920928955078126e-7,"z":1.5000003576278687},"rotation":{"x":-0.17940816283226014,"y":-0.17400069534778596,"z":0.032258979976177219,"w":-0.9677310585975647},"size":2.622023105621338,"orthographic":false}