{"cameraMode":{"drawMode":0,"name":"Shaded","section":"Shading Mode"},"sceneLighting":false,"audioPlay":false,"sceneViewState":{"m_AlwaysRefresh":false,"showFog":true,"showSkybox":false,"showFlares":true,"showImageEffects":true,"showParticleSystems":true,"showVisualEffectGraphs":true,"m_FxEnabled":true},"in2DMode":false,"pivot":{"x":-0.000005304813385009766,"y":1.142819881439209,"z":0.024434970691800119},"rotation":{"x":0.09700508415699005,"y":-0.9037548303604126,"z":0.2876773178577423,"w":0.30238938331604006},"size":1.3313456773757935,"orthographic":false}