{"cameraMode":{"drawMode":0,"name":"Shaded","section":"Shading Mode"},"sceneLighting":false,"audioPlay":false,"sceneViewState":{"m_AlwaysRefresh":false,"showFog":true,"showSkybox":false,"showFlares":true,"showImageEffects":true,"showParticleSystems":true,"showVisualEffectGraphs":true,"m_FxEnabled":true},"in2DMode":false,"pivot":{"x":-1.1216299533843995,"y":0.7063837051391602,"z":-1.3013267517089844},"rotation":{"x":0.18307676911354066,"y":0.1479949802160263,"z":-0.027916790917515756,"w":0.9712686538696289},"size":14.56871509552002,"orthographic":false}