{"cameraMode":{"drawMode":0,"name":"Shaded","section":"Shading Mode"},"sceneLighting":false,"audioPlay":false,"sceneViewState":{"m_AlwaysRefresh":false,"showFog":true,"showSkybox":false,"showFlares":true,"showImageEffects":true,"showParticleSystems":true,"showVisualEffectGraphs":true,"m_FxEnabled":true},"in2DMode":false,"pivot":{"x":0.0020450353622436525,"y":3.3726794719696047,"z":0.6308040618896484},"rotation":{"x":0.08717221021652222,"y":0.8459694981575012,"z":-0.1472272276878357,"w":0.505511462688446},"size":5.334240436553955,"orthographic":false}