{"cameraMode":{"drawMode":0,"name":"Shaded","section":"Shading Mode"},"sceneLighting":false,"audioPlay":false,"sceneViewState":{"m_AlwaysRefresh":false,"showFog":true,"showSkybox":false,"showFlares":true,"showImageEffects":true,"showParticleSystems":true,"showVisualEffectGraphs":true,"m_FxEnabled":true},"in2DMode":false,"pivot":{"x":0.18317419290542603,"y":-0.06572308391332627,"z":-0.09444376081228256},"rotation":{"x":-0.04979105293750763,"y":-0.02039598673582077,"z":0.0009081540629267693,"w":-0.9987050890922546},"size":1.2379603385925294,"orthographic":false}