{"cameraMode":{"drawMode":0,"name":"Shaded","section":"Shading Mode"},"sceneLighting":false,"audioPlay":false,"sceneViewState":{"m_AlwaysRefresh":false,"showFog":true,"showSkybox":false,"showFlares":true,"showImageEffects":true,"showParticleSystems":true,"showVisualEffectGraphs":true,"m_FxEnabled":true},"in2DMode":false,"pivot":{"x":-0.004013396799564362,"y":0.008912883698940277,"z":0.02346038818359375},"rotation":{"x":-0.10581690073013306,"y":-0.5534622073173523,"z":0.07108728587627411,"w":-0.8231928944587708},"size":0.3736264407634735,"orthographic":false}