{"cameraMode":{"drawMode":0,"name":"Shaded","section":"Shading Mode"},"sceneLighting":true,"audioPlay":false,"sceneViewState":{"m_AlwaysRefresh":false,"showFog":true,"showSkybox":true,"showFlares":true,"showImageEffects":true,"showParticleSystems":true,"showVisualEffectGraphs":true,"m_FxEnabled":true},"in2DMode":false,"pivot":{"x":52.35885238647461,"y":-32.704132080078128,"z":30.43596649169922},"rotation":{"x":0.5177343487739563,"y":-0.0027998315636068584,"z":0.001450197771191597,"w":0.85628741979599},"size":64.34159088134766,"orthographic":false}