{"cameraMode":{"drawMode":0,"name":"Shaded","section":"Shading Mode"},"sceneLighting":false,"audioPlay":false,"sceneViewState":{"m_AlwaysRefresh":false,"showFog":true,"showSkybox":false,"showFlares":true,"showImageEffects":true,"showParticleSystems":true,"showVisualEffectGraphs":true,"m_FxEnabled":true},"in2DMode":false,"pivot":{"x":0.008598240092396737,"y":-0.00019994110334664583,"z":0.007934262044727803},"rotation":{"x":-0.08053681254386902,"y":-0.9193987250328064,"z":0.2831890285015106,"w":-0.26125970482826235},"size":0.020937984809279443,"orthographic":false}