{"cameraMode":{"drawMode":0,"name":"Shaded","section":"Shading Mode"},"sceneLighting":false,"audioPlay":false,"sceneViewState":{"m_AlwaysRefresh":false,"showFog":true,"showSkybox":false,"showFlares":true,"showImageEffects":true,"showParticleSystems":true,"showVisualEffectGraphs":true,"m_FxEnabled":true},"in2DMode":false,"pivot":{"x":-17.259733200073243,"y":0.3299593925476074,"z":7.310358047485352},"rotation":{"x":0.10212334990501404,"y":0.033876195549964908,"z":-0.0031431603711098434,"w":0.9945710301399231},"size":1.4859472513198853,"orthographic":false}