{"cameraMode":{"drawMode":0,"name":"Shaded","section":"Shading Mode"},"sceneLighting":false,"audioPlay":false,"sceneViewState":{"m_AlwaysRefresh":false,"showFog":true,"showSkybox":false,"showFlares":true,"showImageEffects":true,"showParticleSystems":true,"showVisualEffectGraphs":true,"m_FxEnabled":true},"in2DMode":false,"pivot":{"x":-17.259733200073243,"y":0.3299593925476074,"z":7.310358047485352},"rotation":{"x":0.1542503982782364,"y":-0.0019051135750487447,"z":0.0006772555643692613,"w":0.9884130954742432},"size":1.4859472513198853,"orthographic":false}