{"cameraMode":{"drawMode":0,"name":"Shaded","section":"Shading Mode"},"sceneLighting":false,"audioPlay":false,"sceneViewState":{"m_AlwaysRefresh":false,"showFog":true,"showSkybox":false,"showFlares":true,"showImageEffects":true,"showParticleSystems":true,"showVisualEffectGraphs":true,"m_FxEnabled":true},"in2DMode":false,"pivot":{"x":-2.691136121749878,"y":1.6119760274887086,"z":-0.7261685132980347},"rotation":{"x":-0.11314716190099716,"y":-0.5781307220458984,"z":0.08135751634836197,"w":-0.8040072917938232},"size":0.038764405995607379,"orthographic":false}