{"cameraMode":{"drawMode":0,"name":"Shaded","section":"Shading Mode"},"sceneLighting":true,"audioPlay":false,"sceneViewState":{"m_AlwaysRefresh":false,"showFog":true,"showSkybox":true,"showFlares":true,"showImageEffects":true,"showParticleSystems":true,"showVisualEffectGraphs":true,"m_FxEnabled":true},"in2DMode":false,"pivot":{"x":-0.40923184156417849,"y":2.6686699390411379,"z":0.4599817395210266},"rotation":{"x":-0.014177907258272171,"y":0.37763500213623049,"z":-0.005774825811386108,"w":-0.9258449673652649},"size":5.792422294616699,"orthographic":false}