{"cameraMode":{"drawMode":0,"name":"Shaded","section":"Shading Mode"},"sceneLighting":false,"audioPlay":false,"sceneViewState":{"m_AlwaysRefresh":false,"showFog":true,"showSkybox":false,"showFlares":true,"showImageEffects":true,"showParticleSystems":true,"showVisualEffectGraphs":true,"m_FxEnabled":true},"in2DMode":false,"pivot":{"x":-0.307946115732193,"y":0.028743432834744455,"z":2.221003770828247},"rotation":{"x":0.08634714037179947,"y":0.5321080684661865,"z":-0.05456969141960144,"w":0.8406255841255188},"size":0.5378254652023315,"orthographic":false}