{"cameraMode":{"drawMode":0,"name":"Shaded","section":"Shading Mode"},"sceneLighting":false,"audioPlay":false,"sceneViewState":{"m_AlwaysRefresh":false,"showFog":true,"showSkybox":false,"showFlares":true,"showImageEffects":true,"showParticleSystems":true,"showVisualEffectGraphs":true,"m_FxEnabled":true},"in2DMode":false,"pivot":{"x":0.3584699332714081,"y":0.14073427021503449,"z":1.2822552919387818},"rotation":{"x":-0.12598267197608949,"y":-0.5219492316246033,"z":0.0781995877623558,"w":-0.8401197791099548},"size":0.8804715871810913,"orthographic":false}