{"cameraMode":{"drawMode":0,"name":"Shaded","section":"Shading Mode"},"sceneLighting":false,"audioPlay":false,"sceneViewState":{"m_AlwaysRefresh":false,"showFog":true,"showSkybox":false,"showFlares":true,"showImageEffects":true,"showParticleSystems":true,"showVisualEffectGraphs":true,"m_FxEnabled":true},"in2DMode":false,"pivot":{"x":-0.5112414360046387,"y":4.605499267578125,"z":-1.2859065532684327},"rotation":{"x":-0.007520418148487806,"y":-0.9854454398155212,"z":0.1635366678237915,"w":-0.051359500735998157},"size":6.953720569610596,"orthographic":false}