{"cameraMode":{"drawMode":0,"name":"Shaded","section":"Shading Mode"},"sceneLighting":false,"audioPlay":false,"sceneViewState":{"m_AlwaysRefresh":false,"showFog":true,"showSkybox":false,"showFlares":true,"showImageEffects":true,"showParticleSystems":true,"showVisualEffectGraphs":true,"m_FxEnabled":true},"in2DMode":false,"pivot":{"x":0.009391546249389649,"y":0.6148415207862854,"z":-0.07390892505645752},"rotation":{"x":0.16703903675079347,"y":-0.44834163784980776,"z":0.08480636030435562,"w":0.8742788434028626},"size":1.2341557741165162,"orthographic":false}