{"cameraMode":{"drawMode":0,"name":"Shaded","section":"Shading Mode"},"sceneLighting":false,"audioPlay":false,"sceneViewState":{"m_AlwaysRefresh":false,"showFog":true,"showSkybox":false,"showFlares":true,"showImageEffects":true,"showParticleSystems":true,"showVisualEffectGraphs":true,"m_FxEnabled":true},"in2DMode":false,"pivot":{"x":-0.035990700125694278,"y":-0.05071656405925751,"z":0.00015965662896633148},"rotation":{"x":-0.25229883193969729,"y":0.04406072571873665,"z":-0.011673370376229287,"w":-0.9666650295257568},"size":0.2529665529727936,"orthographic":false}