{"cameraMode":{"drawMode":0,"name":"Shaded","section":"Shading Mode"},"sceneLighting":true,"audioPlay":false,"sceneViewState":{"m_AlwaysRefresh":false,"showFog":true,"showSkybox":true,"showFlares":true,"showImageEffects":true,"showParticleSystems":true,"showVisualEffectGraphs":true,"m_FxEnabled":true},"in2DMode":false,"pivot":{"x":1.2577283382415772,"y":-20.767528533935548,"z":35.22951889038086},"rotation":{"x":-0.26555323600769045,"y":-0.021138112992048265,"z":0.0057693226262927059,"w":-0.963961124420166},"size":25.027193069458009,"orthographic":false}