{"cameraMode":{"drawMode":0,"name":"Shaded","section":"Shading Mode"},"sceneLighting":true,"audioPlay":false,"sceneViewState":{"m_AlwaysRefresh":false,"showFog":true,"showSkybox":false,"showFlares":true,"showImageEffects":true,"showParticleSystems":true,"showVisualEffectGraphs":true,"m_FxEnabled":true},"in2DMode":false,"pivot":{"x":2.6449153423309328,"y":-0.15474919974803925,"z":32.75925827026367},"rotation":{"x":0.11908341944217682,"y":0.02559433877468109,"z":-0.003342324635013938,"w":0.9926750659942627},"size":22.628263473510743,"orthographic":false}