{"cameraMode":{"drawMode":0,"name":"Shaded","section":"Shading Mode"},"sceneLighting":false,"audioPlay":false,"sceneViewState":{"m_AlwaysRefresh":false,"showFog":true,"showSkybox":false,"showFlares":true,"showImageEffects":true,"showParticleSystems":true,"showVisualEffectGraphs":true,"m_FxEnabled":true},"in2DMode":false,"pivot":{"x":-26.859556198120118,"y":10.4562406539917,"z":-18.093978881835939},"rotation":{"x":0.15352481603622437,"y":-0.04226573556661606,"z":0.006531279068440199,"w":0.9869949817657471},"size":13.191542625427246,"orthographic":false}