{"cameraMode":{"drawMode":0,"name":"Shaded","section":"Shading Mode"},"sceneLighting":false,"audioPlay":false,"sceneViewState":{"m_AlwaysRefresh":false,"showFog":true,"showSkybox":false,"showFlares":true,"showImageEffects":true,"showParticleSystems":true,"showVisualEffectGraphs":true,"m_FxEnabled":true},"in2DMode":false,"pivot":{"x":-6.305454254150391,"y":0.09000003337860108,"z":-15.928686141967774},"rotation":{"x":-0.15366217494010926,"y":-0.08381559699773789,"z":0.013003134168684483,"w":-0.9845862984657288},"size":3.792517900466919,"orthographic":false}