{"cameraMode":{"drawMode":0,"name":"Shaded","section":"Shading Mode"},"sceneLighting":false,"audioPlay":false,"sceneViewState":{"m_AlwaysRefresh":false,"showFog":true,"showSkybox":false,"showFlares":true,"showImageEffects":true,"showParticleSystems":true,"showVisualEffectGraphs":true,"m_FxEnabled":true},"in2DMode":false,"pivot":{"x":-0.4385061264038086,"y":2.5915822982788088,"z":-20.251331329345704},"rotation":{"x":-0.10441361367702484,"y":-0.2023545503616333,"z":0.021582813933491708,"w":-0.9736027121543884},"size":4.417327404022217,"orthographic":false}