{"cameraMode":{"drawMode":0,"name":"Shaded","section":"Shading Mode"},"sceneLighting":true,"audioPlay":false,"sceneViewState":{"m_AlwaysRefresh":false,"showFog":true,"showSkybox":true,"showFlares":true,"showImageEffects":true,"showParticleSystems":true,"showVisualEffectGraphs":true,"m_FxEnabled":true},"in2DMode":false,"pivot":{"x":0.9135821461677551,"y":3.3611299991607668,"z":2.9765729904174806},"rotation":{"x":-0.10052337497472763,"y":0.048331454396247867,"z":-0.004892532713711262,"w":-0.9937843084335327},"size":8.392732620239258,"orthographic":false}