{"cameraMode":{"drawMode":0,"name":"Shaded","section":"Shading Mode"},"sceneLighting":false,"audioPlay":false,"sceneViewState":{"m_AlwaysRefresh":false,"showFog":true,"showSkybox":false,"showFlares":true,"showImageEffects":true,"showParticleSystems":true,"showVisualEffectGraphs":true,"m_FxEnabled":true},"in2DMode":false,"pivot":{"x":0.21382562816143037,"y":-0.09934330731630326,"z":0.8138793110847473},"rotation":{"x":-0.1645042449235916,"y":-0.4652133285999298,"z":0.0883602574467659,"w":-0.8654195070266724},"size":0.3521536886692047,"orthographic":false}