{"cameraMode":{"drawMode":0,"name":"Shaded","section":"Shading Mode"},"sceneLighting":false,"audioPlay":false,"sceneViewState":{"m_AlwaysRefresh":false,"showFog":true,"showSkybox":false,"showFlares":true,"showImageEffects":true,"showParticleSystems":true,"showVisualEffectGraphs":true,"m_FxEnabled":true},"in2DMode":false,"pivot":{"x":-6.829043388366699,"y":-0.039999961853027347,"z":-21.56961441040039},"rotation":{"x":-0.15366217494010926,"y":-0.08381559699773789,"z":0.013003134168684483,"w":-0.9845862984657288},"size":5.85819673538208,"orthographic":false}