{"cameraMode":{"drawMode":0,"name":"Shaded","section":"Shading Mode"},"sceneLighting":false,"audioPlay":false,"sceneViewState":{"m_AlwaysRefresh":false,"showFog":true,"showSkybox":false,"showFlares":true,"showImageEffects":true,"showParticleSystems":true,"showVisualEffectGraphs":true,"m_FxEnabled":true},"in2DMode":false,"pivot":{"x":-0.0004127919673919678,"y":0.5582584142684937,"z":-0.07595551013946533},"rotation":{"x":0.0903066098690033,"y":-0.8996933102607727,"z":0.2193128764629364,"w":0.36710551381111147},"size":0.9049420356750488,"orthographic":false}