{"cameraMode":{"drawMode":0,"name":"Shaded","section":"Shading Mode"},"sceneLighting":false,"audioPlay":false,"sceneViewState":{"m_AlwaysRefresh":false,"showFog":true,"showSkybox":false,"showFlares":true,"showImageEffects":true,"showParticleSystems":true,"showVisualEffectGraphs":true,"m_FxEnabled":true},"in2DMode":false,"pivot":{"x":-26.200000762939454,"y":6.19999885559082,"z":-27.499996185302736},"rotation":{"x":0.06569486111402512,"y":0.03657785430550575,"z":-0.0023530488833785059,"w":0.9967347979545593},"size":25.616233825683595,"orthographic":false}