{"cameraMode":{"drawMode":0,"name":"Shaded","section":"Shading Mode"},"sceneLighting":true,"audioPlay":false,"sceneViewState":{"m_AlwaysRefresh":false,"showFog":true,"showSkybox":true,"showFlares":true,"showImageEffects":true,"showParticleSystems":true,"showVisualEffectGraphs":true,"m_FxEnabled":true},"in2DMode":false,"pivot":{"x":19.431713104248048,"y":8.434144020080567,"z":6.236553192138672},"rotation":{"x":-0.3330206274986267,"y":0.05210356041789055,"z":-0.017898021265864373,"w":-0.9419241547584534},"size":16.652231216430665,"orthographic":false}