{"cameraMode":{"drawMode":0,"name":"Shaded","section":"Shading Mode"},"sceneLighting":true,"audioPlay":false,"sceneViewState":{"m_AlwaysRefresh":false,"showFog":true,"showSkybox":true,"showFlares":true,"showImageEffects":true,"showParticleSystems":true,"showVisualEffectGraphs":true,"m_FxEnabled":true},"in2DMode":false,"pivot":{"x":12.651328086853028,"y":-4.959647178649902,"z":10.577597618103028},"rotation":{"x":-0.3731249272823334,"y":-0.04998064413666725,"z":0.02019564062356949,"w":-0.9266341328620911},"size":24.832292556762697,"orthographic":false}