{"cameraMode":{"drawMode":0,"name":"Shaded","section":"Shading Mode"},"sceneLighting":true,"audioPlay":false,"sceneViewState":{"m_AlwaysRefresh":false,"showFog":true,"showSkybox":true,"showFlares":true,"showImageEffects":true,"showParticleSystems":true,"showVisualEffectGraphs":true,"m_FxEnabled":true},"in2DMode":false,"pivot":{"x":12.584064483642579,"y":7.848029136657715,"z":13.866981506347657},"rotation":{"x":-0.46276378631591799,"y":-0.0014889821177348495,"z":0.0012865082826465369,"w":-0.8871333003044128},"size":21.36197280883789,"orthographic":false}