{"cameraMode":{"drawMode":0,"name":"Shaded","section":"Shading Mode"},"sceneLighting":true,"audioPlay":false,"sceneViewState":{"m_AlwaysRefresh":false,"showFog":true,"showSkybox":true,"showFlares":true,"showImageEffects":true,"showParticleSystems":true,"showVisualEffectGraphs":true,"m_FxEnabled":true},"in2DMode":false,"pivot":{"x":58.9160041809082,"y":-21.549636840820314,"z":44.25688171386719},"rotation":{"x":0.44540899991989138,"y":0.0024751005694270136,"z":-0.001440744730643928,"w":0.8960406184196472},"size":69.41324615478516,"orthographic":false}