{"cameraMode":{"drawMode":0,"name":"Shaded","section":"Shading Mode"},"sceneLighting":false,"audioPlay":false,"sceneViewState":{"m_AlwaysRefresh":false,"showFog":true,"showSkybox":false,"showFlares":true,"showImageEffects":true,"showParticleSystems":true,"showVisualEffectGraphs":true,"m_FxEnabled":true},"in2DMode":false,"pivot":{"x":0.0069745490327477459,"y":0.027241138741374017,"z":0.010752741247415543},"rotation":{"x":-0.017958415672183038,"y":0.7518185973167419,"z":-0.020577311515808107,"w":-0.6590162515640259},"size":1.0792253017425538,"orthographic":false}