{"cameraMode":{"drawMode":0,"name":"Shaded","section":"Shading Mode"},"sceneLighting":false,"audioPlay":false,"sceneViewState":{"m_AlwaysRefresh":false,"showFog":true,"showSkybox":false,"showFlares":true,"showImageEffects":true,"showParticleSystems":true,"showVisualEffectGraphs":true,"m_FxEnabled":true},"in2DMode":false,"pivot":{"x":-0.08793529123067856,"y":0.0048561543226242069,"z":-0.5328606963157654},"rotation":{"x":-0.14590826630592347,"y":-0.3196246325969696,"z":0.04987923428416252,"w":-0.9349584579467773},"size":0.0008173275855369866,"orthographic":false}