{"cameraMode":{"drawMode":0,"name":"Shaded","section":"Shading Mode"},"sceneLighting":false,"audioPlay":false,"sceneViewState":{"m_AlwaysRefresh":false,"showFog":true,"showSkybox":false,"showFlares":true,"showImageEffects":true,"showParticleSystems":true,"showVisualEffectGraphs":true,"m_FxEnabled":true},"in2DMode":false,"pivot":{"x":0.018312593922019006,"y":0.8676444292068481,"z":-0.24636125564575196},"rotation":{"x":0.0006191572756506503,"y":-0.9962976574897766,"z":-0.0865846499800682,"w":-0.006864848546683788},"size":1.250514268875122,"orthographic":false}