{"cameraMode":{"drawMode":0,"name":"Shaded","section":"Shading Mode"},"sceneLighting":true,"audioPlay":false,"sceneViewState":{"m_AlwaysRefresh":false,"showFog":true,"showSkybox":true,"showFlares":true,"showImageEffects":true,"showParticleSystems":true,"showVisualEffectGraphs":true,"m_FxEnabled":true},"in2DMode":false,"pivot":{"x":78.73411560058594,"y":-19.873613357543947,"z":50.811737060546878},"rotation":{"x":0.5950312614440918,"y":0.0009582214988768101,"z":-0.0009920678567141295,"w":0.8045295476913452},"size":53.5616340637207,"orthographic":false}