{"cameraMode":{"drawMode":0,"name":"Shaded","section":"Shading Mode"},"sceneLighting":false,"audioPlay":false,"sceneViewState":{"m_AlwaysRefresh":false,"showFog":true,"showSkybox":false,"showFlares":true,"showImageEffects":true,"showParticleSystems":true,"showVisualEffectGraphs":true,"m_FxEnabled":true},"in2DMode":false,"pivot":{"x":-0.12105374783277512,"y":-0.043328799307346347,"z":0.041346099227666858},"rotation":{"x":0.06734521687030792,"y":-0.9323417544364929,"z":0.23739677667617799,"w":0.2646976709365845},"size":0.30907106399536135,"orthographic":false}