{"cameraMode":{"drawMode":0,"name":"Shaded","section":"Shading Mode"},"sceneLighting":false,"audioPlay":false,"sceneViewState":{"m_AlwaysRefresh":false,"showFog":true,"showSkybox":false,"showFlares":true,"showImageEffects":true,"showParticleSystems":true,"showVisualEffectGraphs":true,"m_FxEnabled":true},"in2DMode":false,"pivot":{"x":-2.691007614135742,"y":1.5908530950546265,"z":-0.6750365495681763},"rotation":{"x":-0.1051238551735878,"y":0.16537541151046754,"z":-0.01780148223042488,"w":-0.9805601239204407},"size":0.07499174028635025,"orthographic":false}