{"cameraMode":{"drawMode":0,"name":"Shaded","section":"Shading Mode"},"sceneLighting":false,"audioPlay":false,"sceneViewState":{"m_AlwaysRefresh":false,"showFog":true,"showSkybox":false,"showFlares":true,"showImageEffects":true,"showParticleSystems":true,"showVisualEffectGraphs":true,"m_FxEnabled":true},"in2DMode":false,"pivot":{"x":0.02354562282562256,"y":0.014672517776489258,"z":0.005207270383834839},"rotation":{"x":-0.10581690073013306,"y":-0.5534622073173523,"z":0.07108728587627411,"w":-0.8231928944587708},"size":0.44510871171951296,"orthographic":false}