{"cameraMode":{"drawMode":0,"name":"Shaded","section":"Shading Mode"},"sceneLighting":false,"audioPlay":false,"sceneViewState":{"m_AlwaysRefresh":false,"showFog":true,"showSkybox":false,"showFlares":true,"showImageEffects":true,"showParticleSystems":true,"showVisualEffectGraphs":true,"m_FxEnabled":true},"in2DMode":false,"pivot":{"x":0.48679450154304507,"y":0.3812333941459656,"z":0.3863280415534973},"rotation":{"x":0.0590471588075161,"y":0.6283258199691773,"z":0.048050690442323688,"w":-0.7744610905647278},"size":0.5743775367736816,"orthographic":false}