{"cameraMode":{"drawMode":0,"name":"Shaded","section":"Shading Mode"},"sceneLighting":false,"audioPlay":false,"sceneViewState":{"m_AlwaysRefresh":false,"showFog":true,"showSkybox":false,"showFlares":true,"showImageEffects":true,"showParticleSystems":true,"showVisualEffectGraphs":true,"m_FxEnabled":true},"in2DMode":false,"pivot":{"x":0.03296862170100212,"y":-0.07701264321804047,"z":-0.04185916855931282},"rotation":{"x":0.04792434722185135,"y":0.5238680839538574,"z":-0.029685884714126588,"w":0.850050687789917},"size":1.032751441001892,"orthographic":false}