{"cameraMode":{"drawMode":0,"name":"Shaded","section":"Shading Mode"},"sceneLighting":false,"audioPlay":false,"sceneViewState":{"m_AlwaysRefresh":false,"showFog":true,"showSkybox":false,"showFlares":true,"showImageEffects":true,"showParticleSystems":true,"showVisualEffectGraphs":true,"m_FxEnabled":true},"in2DMode":false,"pivot":{"x":-0.008379459381103516,"y":1.634596586227417,"z":-0.4563751220703125},"rotation":{"x":-0.08896930515766144,"y":-0.07694139331579209,"z":0.007785846013575792,"w":-0.9932883381843567},"size":6.059784412384033,"orthographic":false}